[{"id":"user-image-ebullientech-hazralab_m_s_g.4e94f7d9.png","fileName":"ebullientech-hazralab_m_s_g.4e94f7d9.png","name":"ebullientech-hazralab_m_s_g.4e94f7d9","publicUrl":"//images01.nicepagecdn.com/57d6f22d3b753982260e6274/eea076983a2f534bb4a45037/ebullientech-hazralab_m_s_g.4e94f7d9.png","size":38151,"hash":"GEyqxeWGUFr5BrnD++adUfVNmFI=","width":662,"height":212,"thumbnail":{"url":"//images01.nicepagecdn.com/thumbs/57d6f22d3b753982260e6274/eea076983a2f534bb4a45037/ebullientech-hazralab_m_s_g.4e94f7d9_150.png","width":150,"height":48},"usages":["758805"]},{"id":"user-image-Fig1a.png","fileName":"Fig1a.png","name":"Fig1a","publicUrl":"//images01.nicepagecdn.com/57d6f22d3b753982260e6274/652e11313dc0522d8102a1ac/Fig1a.png","size":481710,"hash":"kbXJQdmtIBJXXB+y3H1n6rtDDt0=","width":1920,"height":1080,"thumbnail":{"url":"//images01.nicepagecdn.com/thumbs/57d6f22d3b753982260e6274/652e11313dc0522d8102a1ac/Fig1a_150.png","width":150,"height":84},"usages":["758805"]},{"id":"user-image-Fig5a.png","fileName":"Fig5a.png","name":"Fig5a","publicUrl":"//images01.nicepagecdn.com/57d6f22d3b753982260e6274/31c6c5ed9099547d8e0637e3/Fig5a.png","size":765606,"hash":"Jbf2qrflsQPppU3de3YGSvT2iiA=","width":1280,"height":720,"thumbnail":{"url":"//images01.nicepagecdn.com/thumbs/57d6f22d3b753982260e6274/31c6c5ed9099547d8e0637e3/Fig5a_150.png","width":150,"height":84},"usages":["758805"]},{"id":"user-image-Doc22.jpg","fileName":"Doc22.jpg","name":"Doc22","publicUrl":"//images01.nicepagecdn.com/57d6f22d3b753982260e6274/e572f0211af35481af0cb158/Doc22.jpg","size":57281,"hash":"/N1f0+0i9NVLVnbdhoICqscpTVI=","width":367,"height":312,"thumbnail":{"url":"//images01.nicepagecdn.com/thumbs/57d6f22d3b753982260e6274/e572f0211af35481af0cb158/Doc22_150.jpg","width":150,"height":128},"usages":["758805"]},{"id":"user-image-Addaheading1.gif","fileName":"Addaheading1.gif","name":"Addaheading1","publicUrl":"//images01.nicepagecdn.com/57d6f22d3b753982260e6274/d7884a14efc5526fbf7e5842/Addaheading1.gif","size":2825357,"hash":"gF/+gJ+MivGRYKjuf+qlT/lZgko=","width":1228,"height":949,"thumbnail":{"url":"//images01.nicepagecdn.com/thumbs/57d6f22d3b753982260e6274/d7884a14efc5526fbf7e5842/Addaheading1_150.gif","width":150,"height":116},"usages":["758805"]}]